"order","canonical_id","learner_title","start_year","end_year","date_display","chapter","scope","inclusion_rationale","prerequisites","predecessor","successor","legacy_aliases","research_status","readiness"
"1","lesson.humans.homo-sapiens-origins","Our Species Begins in Africa","-300000","-200000","c. 300,000–200,000 years ago","01","Fossil and genetic evidence places Homo sapiens' emergence within structured, interacting populations in Africa.","Establishes shared African origins and shows how fossils and genomes reconstruct a complex population history.","None","—","lesson.humans.migrations-and-interbreeding","None","Source set identified","Planned"
"2","lesson.humans.migrations-and-interbreeding","Migrations, Encounters, and Ancient DNA","-70000","-40000","c. 70,000–40,000 years ago","01","Homo sapiens dispersals, interaction among populations, interbreeding with Neanderthals and Denisovans, adaptation, and the limits of inference from ancient DNA.","Explains how movement, encounter, and adaptation shaped living ancestry while modeling what genetic evidence can and cannot establish.","lesson.humans.homo-sapiens-origins","lesson.humans.homo-sapiens-origins","lesson.humans.sahul-crossing","None","Source set identified","Planned"
"3","lesson.humans.sahul-crossing","Crossing to Sahul","-65000","-50000","at least c. 65,000–50,000 years ago","01","Early sea crossings and settlement of Australia–New Guinea.","Shows planning and water travel long before states or farming.","lesson.humans.migrations-and-interbreeding","lesson.humans.migrations-and-interbreeding","lesson.humans.ice-age-lifeways","None","Source brief required","Planned"
"4","lesson.humans.ice-age-lifeways","Living Through the Ice Age","-45000","-15000","c. 45,000–15,000 BCE","01","Mobile communities, art, technology, and adaptation across varied environments.","Makes forager ingenuity memorable without treating farming as inevitable progress.","lesson.humans.migrations-and-interbreeding","lesson.humans.sahul-crossing","lesson.humans.peopling-americas","None","Source brief required","Planned"
"5","lesson.humans.peopling-americas","Peopling the Americas","-23000","-13000","before c. 13,000 BCE","01","Beringia, coastal possibilities, early sites, and unresolved chronology.","Introduces a consequential migration while modeling live archaeological uncertainty.","lesson.humans.ice-age-lifeways","lesson.humans.ice-age-lifeways","lesson.climate.holocene-transition","None","Framing review","Planned"
"6","lesson.climate.holocene-transition","Climate Change at the Start of the Holocene","-12900","-9700","c. 10,900–9700 BCE","01","Younger Dryas cooling, regional responses, and the warmer Holocene transition.","Explains environmental context without claiming a single climate cause for agriculture.","lesson.humans.peopling-americas","lesson.humans.peopling-americas","lesson.farming.multiple-origins","younger_dryas_reset","Framing review","Research required"
"7","lesson.farming.multiple-origins","Many Beginnings of Farming","-10000","-3000","c. 10,000–3000 BCE","01","Independent domestication in Southwest Asia, China, New Guinea, Africa, and the Americas.","Corrects the single-revolution model and gives prerequisite context for later food systems.","lesson.climate.holocene-transition","lesson.climate.holocene-transition","lesson.farming.settlements","neolithic_revolution","Source set identified","Planned"
"8","lesson.farming.settlements","Farming and Settlements","-9000","-3500","before 3500 BCE","01","A Southwest Asian case of cultivation, settlement, surplus, and tradeoffs.","Connects a global change to evidence learners can use before the first-city lesson.","lesson.farming.multiple-origins","lesson.farming.multiple-origins","lesson.animals.domestication-and-pastoralism","None","Current draft lesson","Ready candidate"
"9","lesson.animals.domestication-and-pastoralism","Animals, Herding, and Mobility","-9000","-2000","c. 9000–2000 BCE","01","Animal domestication, pastoral lifeways, mobility, and exchange across drylands.","Explains a durable alternative and complement to settled farming.","lesson.farming.multiple-origins","lesson.farming.settlements","lesson.technology.wheels-metals-and-work","animal_domestication","Source brief required","Planned"
"10","lesson.technology.wheels-metals-and-work","Wheels, Metals, and Specialized Work","-3600","-2000","c. 3600–2000 BCE","02","Wheeled transport, copper and bronze production, and specialist knowledge.","Explains technologies as systems of materials and labor rather than lone inventions.","lesson.farming.settlements","lesson.animals.domestication-and-pastoralism","lesson.uruk.first-city","bronze_age_begins|bronze_spreads|wheel|wheel_legacy","Framing review","Planned"
"11","lesson.uruk.first-city","Uruk: Life in an Early City","-3500","-3000","c. 3500–3000 BCE","02","City-scale coordination, water, food, labor, and unequal access in southern Mesopotamia.","The first approved reference demonstrates how urban life changed coordination.","lesson.farming.settlements","lesson.technology.wheels-metals-and-work","lesson.writing.early-systems","uruk","Current approved lesson","Approved reference"
"12","lesson.writing.early-systems","From Marks to Proto-Cuneiform","-3200","-2800","c. 3200–2800 BCE","02","How selected information became durable in early southern Mesopotamian record systems.","Explains administration and the distinction between marks, proto-writing, and later writing.","lesson.uruk.first-city","lesson.uruk.first-city","lesson.egypt.nile-state","sumer_writing","Current approved lesson","Approved reference"
"13","lesson.egypt.nile-state","The Nile and an Early Egyptian State","-3200","-2700","c. 3200–2700 BCE","02","Political unification, river ecology, administration, and early hieroglyphic systems.","Provides a contrasting early-state pathway tied to geography and evidence.","lesson.uruk.first-city","lesson.writing.early-systems","lesson.caral.andean-urbanism","hieroglyphs|narmer","Source set identified","Ready candidate"
"14","lesson.caral.andean-urbanism","Caral and Early Andean Urbanism","-3000","-1800","c. 3000–1800 BCE","02","Monumental centers, coastal-inland exchange, and urban complexity without pottery.","Expands explanatory models of cities with unusually revealing evidence.","lesson.farming.multiple-origins","lesson.egypt.nile-state","lesson.egypt.pyramids-and-state-labor","caral_norte_chico","Source set identified","Ready candidate"
"15","lesson.egypt.pyramids-and-state-labor","Pyramids, Builders, and Evidence","-2700","-2500","c. 2700–2500 BCE","02","How evidence for context, construction phase, date, builder, use, and purpose differs across Giza and Egyptian comparison cases.","Uses a famous monument to teach how claims of building, inheritance, repair, and reuse must be tested link by link.","lesson.egypt.nile-state","lesson.caral.andean-urbanism","lesson.indus.cities-and-signs","imhotep|pyramids","Revised framing approved; prototype review pending","Planned"
"16","lesson.indus.cities-and-signs","Indus Cities and Undeciphered Signs","-2600","-1900","c. 2600–1900 BCE","02","Urban planning, water systems, trade, and the limits imposed by an undeciphered script.","Adds a major independent urban tradition and teaches disciplined inference.","lesson.writing.early-systems","lesson.egypt.pyramids-and-state-labor","lesson.nubia.kerma-and-nile-world","indus_cities|indus_script","Source set identified","Ready candidate"
"17","lesson.nubia.kerma-and-nile-world","Kerma and the Middle Nile","-2500","-1500","c. 2500–1500 BCE","02","Nubian state formation, trade, craft, and changing relations with Egypt.","Explains the Nile as a connected political world rather than an Egypt-only story.","lesson.egypt.nile-state","lesson.indus.cities-and-signs","lesson.mesopotamia.akkadian-empire","kerma","Source brief required","Planned"
"18","lesson.mesopotamia.akkadian-empire","Akkad and the Problem of Empire","-2350","-2150","c. 2350–2150 BCE","02","Conquest, administration, imperial claims, and the limits of Akkadian control.","Introduces empire as a recurring political strategy rather than a celebratory first.","lesson.writing.early-systems","lesson.nubia.kerma-and-nile-world","lesson.bronze-age.exchange-networks","sargon","Source brief required","Ready candidate"
"19","lesson.bronze-age.exchange-networks","Bronze Age Exchange Networks","-2300","-1200","c. 2300–1200 BCE","02","Gulf, Anatolian, steppe, and Mediterranean routes moving metals, textiles, messages, and people.","Shows that early states depended on cross-regional exchange and specialist intermediaries.","lesson.technology.wheels-metals-and-work","lesson.mesopotamia.akkadian-empire","lesson.steppe.chariots-and-mobility","alashiya_cyprus|assyrian_trade|bronze_age_trade|magan_dilmun_trade|seima_turbino|uluburun","Source set identified","Ready candidate"
"20","lesson.steppe.chariots-and-mobility","Steppe Mobility and the Chariot","-2100","-1500","c. 2100–1500 BCE","02","Pastoral networks, horse transport, metallurgy, and chariot warfare.","Provides a causal bridge between mobile societies and changing Eurasian states.","lesson.animals.domestication-and-pastoralism","lesson.bronze-age.exchange-networks","lesson.mesopotamia.law-and-kingship","sintashta_chariots|steppe_metallurgy","Source brief required","Planned"
"21","lesson.mesopotamia.law-and-kingship","Law, Kingship, and Hammurabi's Babylon","-1800","-1600","c. 1800–1600 BCE","02","Royal law collections as evidence for authority, inequality, and legal ideals.","Uses a famous source to teach what laws reveal—and what they do not prove about practice.","lesson.mesopotamia.akkadian-empire","lesson.steppe.chariots-and-mobility","lesson.china.shang-bronze-and-writing","hammurabi","Source brief required","Planned"
"22","lesson.china.shang-bronze-and-writing","Shang Power, Bronze, and Oracle Bones","-1600","-1046","c. 1600–1046 BCE","02","Regional bronze states, ritual authority, warfare, and early Chinese writing.","Anchors early Chinese state formation in surviving objects and inscriptions.","lesson.technology.wheels-metals-and-work","lesson.mesopotamia.law-and-kingship","lesson.bronze-age.diplomacy-and-rivalry","erlitou|oracle_bones|sanxingdui|shang","Source set identified","Planned"
"23","lesson.bronze-age.diplomacy-and-rivalry","Diplomacy and Rivalry in the Late Bronze Age","-1550","-1200","c. 1550–1200 BCE","02","Egyptian, Hittite, Levantine, and Mesopotamian courts linked by war, marriage, gifts, and letters.","Makes interstate causality visible before the region's political transformation.","lesson.bronze-age.exchange-networks","lesson.china.shang-bronze-and-writing","lesson.bronze-age.transformation","canaanite_city_states|hatshepsut|hittites|kadesh|mitanni","Source brief required","Planned"
"24","lesson.bronze-age.transformation","The Late Bronze Age Transformation","-1250","-1050","c. 1250–1050 BCE","02","Uneven palace destruction, migration, conflict, climate stress, and continuity around the eastern Mediterranean.","Replaces a single-cause collapse story with a teachable evidence problem.","lesson.bronze-age.diplomacy-and-rivalry","lesson.bronze-age.diplomacy-and-rivalry","lesson.africa.bantu-language-dispersals","philistines|sea_peoples|trojan_war","Framing review","Research required"
"25","lesson.africa.bantu-language-dispersals","Bantu-Language Dispersals","-1500","1000","c. 1500 BCE–1000 CE","03","Long, varied movements of Bantu-speaking communities, farming practices, and local adaptation.","Explains a major linguistic and demographic history without reducing it to one migration wave.","lesson.farming.multiple-origins","lesson.bronze-age.transformation","lesson.iron-age.technology-and-states","bantu_migration","Framing review","Research required"
"26","lesson.iron-age.technology-and-states","Iron, Farming, and New States","-1200","-700","c. 1200–700 BCE","03","Uneven iron adoption, agricultural change, warfare, and post-palace state building.","Explains why the Iron Age was a regional transition, not a simultaneous invention.","lesson.bronze-age.transformation","lesson.africa.bantu-language-dispersals","lesson.mesoamerica.olmec-world","iron_age_begins","Source brief required","Planned"
"27","lesson.mesoamerica.olmec-world","Olmec Centers and Mesoamerican Exchange","-1200","-400","c. 1200–400 BCE","03","Gulf Coast centers, art, ritual, and exchange without an unsupported 'mother culture' claim.","Establishes an influential Mesoamerican tradition with strong visual evidence.","lesson.farming.multiple-origins","lesson.iron-age.technology-and-states","lesson.alphabets.mediterranean-transmission","olmec","Source brief required","Planned"
"28","lesson.alphabets.mediterranean-transmission","Alphabets Across the Mediterranean","-1100","-600","c. 1100–600 BCE","03","Phoenician consonantal writing and its adaptation by neighboring societies.","Shows how a portable information technology changed through exchange.","lesson.writing.early-systems","lesson.mesoamerica.olmec-world","lesson.china.zhou-mandate-and-order","phoenicians|ugarit","Source set identified","Planned"
"29","lesson.china.zhou-mandate-and-order","Zhou Rule and the Mandate of Heaven","-1046","-771","c. 1046–771 BCE","03","Conquest, delegated rule, ritual order, and the political idea of conditional legitimacy.","Provides essential background for later Chinese political thought and unification.","lesson.china.shang-bronze-and-writing","lesson.alphabets.mediterranean-transmission","lesson.levant.israel-judah-evidence","None","Source brief required","Planned"
"30","lesson.levant.israel-judah-evidence","Israel, Judah, Text, and Archaeology","-1000","-586","c. 1000–586 BCE","03","Highland states, inscriptions, biblical traditions, and disputed reconstructions.","Prepares later Judaism and monotheism while separating evidence from later tradition.","lesson.bronze-age.transformation","lesson.china.zhou-mandate-and-order","lesson.iran.zoroastrian-traditions","abraham|david","Framing review","Research required"
"31","lesson.iran.zoroastrian-traditions","Zoroastrian Traditions and Iranian Worlds","-1000","-500","probably c. 1000–500 BCE; disputed","03","Zarathustra's teachings, later texts, and uncertainty over origin dates and places.","Introduces a consequential tradition while making its chronology problem explicit.","lesson.iron-age.technology-and-states","lesson.levant.israel-judah-evidence","lesson.assyria.empire-and-deportation","zoroastrianism","Framing review","Research required"
"32","lesson.assyria.empire-and-deportation","Assyria: Empire, Administration, and Deportation","-900","-609","c. 900–609 BCE","03","Military logistics, provincial government, communication, forced movement, and royal representation.","Explains imperial capacity and violence that shaped later Near Eastern politics.","lesson.iron-age.technology-and-states","lesson.iran.zoroastrian-traditions","lesson.greece.epic-law-and-public-argument","nineveh","Source brief required","Planned"
"33","lesson.greece.epic-law-and-public-argument","From Epic Tradition to Public Argument","-800","-500","c. 800–500 BCE","03","Epic inheritance, written law, polis debate, and early natural inquiry as different ways of explaining order and human action.","Begins the Greek dialectical thread by showing how inherited authority met public, revisable argument without pretending myth disappeared.","lesson.alphabets.mediterranean-transmission","lesson.assyria.empire-and-deportation","lesson.india.vedic-upanishadic-inquiry","homer","Source set identified","Planned"
"34","lesson.india.vedic-upanishadic-inquiry","Vedic Traditions and Upanishadic Questions","-800","-400","c. 800–400 BCE","03","Changing Vedic ritual traditions and Upanishadic arguments about self, ultimate reality, action, rebirth, and liberation.","Establishes the questions and textual practices to which Buddhist, Jain, and later Hindu schools offered competing answers.","lesson.farming.multiple-origins","lesson.greece.epic-law-and-public-argument","lesson.greece.polis-citizenship-exclusion","early_vedic_societies","Source set identified","Planned"
"35","lesson.greece.polis-citizenship-exclusion","The Greek Polis: Citizenship and Exclusion","-800","-338","c. 800–338 BCE","03","Competing city-states, participation, slavery, gender exclusion, and warfare.","Provides prerequisite political vocabulary without treating Athens as universal democracy.","lesson.iron-age.technology-and-states","lesson.india.vedic-upanishadic-inquiry","lesson.india.buddhist-jain-challenges","marathon|olympics|peloponnesian_war|pericles|rome_founded","Framing review","Planned"
"36","lesson.india.buddhist-jain-challenges","Buddhist and Jain Challenges","-600","-300","c. 600–300 BCE","03","Buddhist, Jain, materialist, and other renunciant challenges concerning suffering, selfhood, action, nonviolence, authority, and liberation.","Shows a major dialectical break with inherited authority and supplies prerequisites for Mauryan politics and transregional religious change.","lesson.india.vedic-upanishadic-inquiry","lesson.greece.polis-citizenship-exclusion","lesson.china.confucian-daoist-legalist-debates","buddha","Source set identified","Planned"
"37","lesson.china.confucian-daoist-legalist-debates","Hundred Schools: Competing Ways to Order Society","-600","-221","c. 600–221 BCE","03","Confucian, Mohist, Daoist, and Legalist arguments about virtue, ritual, authority, human nature, and effective government.","Establishes a sustained argument whose rival answers shaped Qin policy, Han institutions, and later East Asian ethical life.","lesson.china.zhou-mandate-and-order","lesson.india.buddhist-jain-challenges","lesson.persia.achaemenid-empire","confucius","Source set identified","Planned"
"38","lesson.persia.achaemenid-empire","The Achaemenid Persian Empire","-550","-330","c. 550–330 BCE","03","Provincial rule, roads, tribute, local diversity, and imperial ideology from Cyrus onward.","Offers a high-leverage model for governing a vast connected empire.","lesson.assyria.empire-and-deportation","lesson.china.confucian-daoist-legalist-debates","lesson.rome.republic-and-expansion","cyrus","Source set identified","Planned"
"39","lesson.rome.republic-and-expansion","The Roman Republic and Mediterranean Expansion","-509","-44","509–44 BCE","03","Republican institutions, social conflict, military expansion, slavery, and civil war.","Explains the institutions and contradictions inherited by the Roman Empire.","lesson.greece.polis-citizenship-exclusion","lesson.persia.achaemenid-empire","lesson.greece.socrates-plato-and-good-life","caesar|hannibal|roman_republic","Source brief required","Planned"
"40","lesson.greece.socrates-plato-and-good-life","Socrates and Plato: How Should We Live?","-470","-347","c. 470–347 BCE","03","Socratic questioning, the trial of Socrates, Plato’s dialogues and Academy, and arguments about virtue, knowledge, justice, and political order.","Makes philosophical disagreement a consequence of polis crisis and establishes questions later ethical, political, and religious traditions inherited.","lesson.greece.epic-law-and-public-argument|lesson.greece.polis-citizenship-exclusion","lesson.rome.republic-and-expansion","lesson.hellenistic.connected-world","socrates|plato_academy","Source set identified","Planned"
"41","lesson.hellenistic.connected-world","Alexander's Conquests and a Hellenistic World","-336","-30","336–30 BCE","04","Conquest, successor kingdoms, new cities, cultural mixture, and unequal power.","Explains durable cross-regional connections without a one-way 'spread of Greek culture' story.","lesson.persia.achaemenid-empire","lesson.greece.socrates-plato-and-good-life","lesson.greece.aristotle-and-hellenistic-schools","alexander|alexandria_lib|cleopatra|hellenistic_science","Framing review","Planned"
"42","lesson.greece.aristotle-and-hellenistic-schools","Aristotle and the Hellenistic Schools","-335","-100","c. 335–100 BCE","04","Aristotle’s systematic ethics, politics, logic, and natural inquiry, followed by Stoic, Epicurean, skeptical, and other responses to life in larger kingdoms.","Explains how philosophical institutions organized knowledge and how new schools revised Greek ethics for a connected imperial world.","lesson.greece.socrates-plato-and-good-life|lesson.hellenistic.connected-world","lesson.hellenistic.connected-world","lesson.india.maurya-and-ashoka","aristotle_lyceum","Source set identified","Planned"
"43","lesson.india.maurya-and-ashoka","The Mauryan Empire and Ashoka","-321","-185","c. 321–185 BCE","04","Imperial administration, conquest, Ashoka's edicts, Buddhism, and moral kingship.","Links state power to unusually teachable inscriptions and transregional religious history.","lesson.india.buddhist-jain-challenges","lesson.greece.aristotle-and-hellenistic-schools","lesson.china.qin-unification","ashoka|mauryan_empire","Source brief required","Planned"
"44","lesson.china.qin-unification","Qin Unification and Its Costs","-221","-206","221–206 BCE","04","Standardization, bureaucracy, mass labor, military power, and rapid imperial collapse.","Provides a memorable case of state capacity and coercion.","lesson.china.confucian-daoist-legalist-debates","lesson.india.maurya-and-ashoka","lesson.china.han-state-and-silk-roads","qin_shi_huang|terracotta","Source brief required","Planned"
"45","lesson.china.han-state-and-silk-roads","The Han State and Early Silk Roads","-206","220","206 BCE–220 CE","04","Imperial government, frontier diplomacy, Central Asian routes, and exchanged goods and ideas.","Connects Chinese state formation to wider Afro-Eurasian networks.","lesson.china.qin-unification","lesson.china.qin-unification","lesson.china.han-confucian-imperial-synthesis","silk_road","Source set identified","Planned"
"46","lesson.china.han-confucian-imperial-synthesis","Han Synthesis: Classics, Statecraft, and Empire","-141","220","c. 141 BCE–220 CE","04","Han scholars and rulers constructing classical canons, commentarial traditions, moral cosmology, and state institutions from competing earlier ideas.","Shows how argument became institution: a selective Confucian-imperial synthesis shaped education, administration, and later Chinese philosophy.","lesson.china.confucian-daoist-legalist-debates|lesson.china.qin-unification","lesson.china.han-state-and-silk-roads","lesson.rome.mediterranean-empire","None","Source set identified","Planned"
"47","lesson.rome.mediterranean-empire","Rome's Mediterranean Empire","-27","235","27 BCE–235 CE","04","Imperial rule, citizenship, taxation, slavery, engineering, urban life, and frontier diversity.","Explains a consequential political system and its uneven effects across regions.","lesson.rome.republic-and-expansion","lesson.china.han-confucian-imperial-synthesis","lesson.mesoamerica.teotihuacan-metropolis","augustus|pompeii|roman_engineering","Source brief required","Planned"
"48","lesson.mesoamerica.teotihuacan-metropolis","Teotihuacan: A Mesoamerican Metropolis","1","550","c. 1–550 CE","04","Urban scale, apartment compounds, trade, religion, and unknown political identities.","Offers a high-interest city case where archaeology must carry the explanation.","lesson.mesoamerica.olmec-world","lesson.rome.mediterranean-empire","lesson.christianity.jesus-and-early-movement","teotihuacan","Source brief required","Planned"
"49","lesson.christianity.jesus-and-early-movement","Jesus and the Early Christian Movement","20","200","c. 20–200 CE","04","Jesus in Roman Judea, early communities, texts, missions, and diverse beliefs.","Supplies necessary context for a major transregional religion while distinguishing history and faith claims.","lesson.rome.mediterranean-empire","lesson.mesoamerica.teotihuacan-metropolis","lesson.judaism.rabbinic-argument-and-diaspora","early_christianity|jesus|jewish_wars","Framing review","Planned"
"50","lesson.judaism.rabbinic-argument-and-diaspora","Rabbinic Argument and Life After the Temple","70","650","c. 70–650 CE","04","Post-Temple Jewish communities, the Mishnah and Talmudic traditions, legal and ethical argument, and institutions in Roman and Sasanian worlds.","Explains how Judaism adapted through interpretive disagreement and portable institutions, creating a prerequisite for later Jewish philosophy and diaspora history.","lesson.levant.israel-judah-evidence|lesson.rome.mediterranean-empire","lesson.christianity.jesus-and-early-movement","lesson.africa.aksum-red-sea","None","Source set identified","Planned"
"51","lesson.africa.aksum-red-sea","Aksum and the Red Sea World","100","700","c. 100–700 CE","04","Trade, coinage, state power, Christianity, and links across Africa and Arabia.","Provides a causal bridge between African, Mediterranean, and Indian Ocean histories.","lesson.bronze-age.exchange-networks","lesson.judaism.rabbinic-argument-and-diaspora","lesson.knowledge.paper-numbers-and-administration","None","Source brief required","Planned"
"52","lesson.knowledge.paper-numbers-and-administration","Paper, Numbers, and Durable Knowledge","100","650","c. 100–650 CE","04","Paper in China, South Asian place-value mathematics, and the institutions moving knowledge.","Explains enabling information systems while avoiding lone-inventor and 'zero invented' myths.","lesson.writing.early-systems","lesson.africa.aksum-red-sea","lesson.india.classical-debate-logic-and-knowledge","paper","Framing review","Planned"
"53","lesson.india.classical-debate-logic-and-knowledge","Debate, Logic, and Knowledge in Classical India","200","700","c. 200–700 CE","04","Nyāya, Buddhist, Jain, Mīmāṃsā, Sāṃkhya, Vedānta, and other schools arguing about valid knowledge, language, causation, selfhood, and liberation.","Restores a sustained, institutionally supported culture of public debate and logical analysis that shaped South and Central Asian intellectual life.","lesson.india.buddhist-jain-challenges|lesson.india.maurya-and-ashoka","lesson.knowledge.paper-numbers-and-administration","lesson.iran-rome.frontier-empires","gupta","Source set identified","Planned"
"54","lesson.iran-rome.frontier-empires","Sasanian Iran and the Roman East","224","628","224–628 CE","04","Rival empires, frontier societies, trade, diplomacy, and religious diversity.","Creates the missing prerequisite for Byzantium and early Islamic expansion.","lesson.persia.achaemenid-empire","lesson.india.classical-debate-logic-and-knowledge","lesson.rome.crisis-and-reconfiguration","parthian_empire|sassanian_empire","Source brief required","Planned"
"55","lesson.rome.crisis-and-reconfiguration","Roman Crisis and Regional Reconfiguration","235","476","235–476 CE","04","Civil war, frontier pressures, economic change, eastern resilience, and western political fragmentation.","Replaces a one-date fall story with causes, continuities, and regional difference.","lesson.rome.mediterranean-empire","lesson.iran-rome.frontier-empires","lesson.mesoamerica.classic-maya","diocletian_split|fall_rome","Framing review","Planned"
"56","lesson.mesoamerica.classic-maya","Classic Maya Cities and Knowledge","250","800","c. 250–800 CE","04","Competing courts, writing, calendars, agriculture, warfare, and regional variation.","Builds a complex society from deciphered texts and archaeology rather than a single rise-and-fall trope.","lesson.mesoamerica.olmec-world","lesson.rome.crisis-and-reconfiguration","lesson.christianity.imperial-church","mayan_classic","Source brief required","Planned"
"57","lesson.christianity.imperial-church","Christianity and Imperial Power","300","500","c. 300–500 CE","04","Legalization, councils, institutions, conflict, and the diversity of Christian communities.","Explains how a movement became bound to empire and later states.","lesson.christianity.jesus-and-early-movement","lesson.mesoamerica.classic-maya","lesson.byzantium.justinian-law-and-empire","constantine|nicene_council","Framing review","Planned"
"58","lesson.byzantium.justinian-law-and-empire","Justinian's Byzantium: Law, Building, and War","527","565","527–565 CE","05","Legal compilation, Hagia Sophia, reconquest, taxation, and imperial ambition.","Shows continuity and transformation in the eastern Roman Empire through strong evidence.","lesson.rome.crisis-and-reconfiguration","lesson.christianity.imperial-church","lesson.disease.first-plague-pandemic","justinian","Source brief required","Planned"
"59","lesson.disease.first-plague-pandemic","The First Plague Pandemic","541","750","541–c. 750 CE","05","Disease evidence, trade routes, demographic disruption, and disputed scale.","Introduces pandemic causality with appropriate uncertainty and a later Black Death prerequisite.","lesson.byzantium.justinian-law-and-empire","lesson.byzantium.justinian-law-and-empire","lesson.islam.origins-and-community","plague_justinian","Framing review","Research required"
"60","lesson.islam.origins-and-community","The Origins of Islam","570","632","c. 570–632 CE","05","Muhammad's Arabia, revelation in Islamic tradition, community formation, and surviving sources.","Provides essential context while distinguishing devotional tradition from historical method.","lesson.iran-rome.frontier-empires","lesson.disease.first-plague-pandemic","lesson.india.bhakti-sufi-devotional-worlds","islam_origins","Framing review","Planned"
"61","lesson.india.bhakti-sufi-devotional-worlds","Bhakti, Sufi, and Devotional Worlds","600","1600","c. 600–1600 CE","05","Personal devotion, vernacular poetry, teachers and communities, and later encounters among Hindu bhakti and Islamic Sufi traditions across South Asia.","Explains how philosophical and religious ideas moved beyond elite textual institutions, reshaped language and social belonging, and generated new syntheses and disputes.","lesson.india.classical-debate-logic-and-knowledge|lesson.islam.origins-and-community","lesson.islam.origins-and-community","lesson.indian-ocean.monsoon-network","None","Framing review","Research required"
"62","lesson.indian-ocean.monsoon-network","The Monsoon Indian Ocean","600","1000","c. 600–1000 CE","05","Seasonal winds, ports, merchants, religions, and links from East Africa to China.","Establishes the network prerequisite for Swahili, South Asian, and Southeast Asian histories.","lesson.africa.aksum-red-sea","lesson.india.bhakti-sufi-devotional-worlds","lesson.japan.buddhism-and-court-state","battle_talas","Source brief required","Planned"
"63","lesson.japan.buddhism-and-court-state","Buddhism and the Japanese Court State","600","900","c. 600–900 CE","05","State formation, writing, Buddhist institutions, capitals, and continental exchange.","Provides prerequisite context for later warrior rule and Japanese cultural production.","lesson.china.han-state-and-silk-roads","lesson.indian-ocean.monsoon-network","lesson.china.tang-cosmopolitan-empire","nara_period","Source brief required","Planned"
"64","lesson.china.tang-cosmopolitan-empire","Tang China and a Cosmopolitan Empire","618","907","618–907 CE","05","State institutions, cities, Silk Road communities, Buddhism, literature, and rebellion.","A high-leverage case of empire and exchange across East and Central Asia.","lesson.china.han-state-and-silk-roads|lesson.china.han-confucian-imperial-synthesis","lesson.japan.buddhism-and-court-state","lesson.caliphates.expansion-and-governance","an_lushan|tang_dynasty|wu_zetian","Source brief required","Planned"
"65","lesson.caliphates.expansion-and-governance","Caliphates: Expansion, Rule, and Diversity","632","750","632–750 CE","05","Conquest, taxation, administration, religious communities, and Umayyad rule.","Explains rapid political change without reducing it to battle or conversion.","lesson.islam.origins-and-community","lesson.china.tang-cosmopolitan-empire","lesson.west-africa.ghana-and-sahara","tours|umayyad_caliphate","Source brief required","Planned"
"66","lesson.west-africa.ghana-and-sahara","Ghana and Trans-Saharan Exchange","700","1100","c. 700–1100 CE","05","Gold, salt, desert travel, Muslim merchants, and Sahelian state power.","Explains West African state formation through trade without treating outside contact as its cause.","lesson.farming.multiple-origins","lesson.caliphates.expansion-and-governance","lesson.baghdad.abbasid-knowledge-networks","ghana","Source set identified","Planned"
"67","lesson.baghdad.abbasid-knowledge-networks","Baghdad and Abbasid Knowledge Networks","750","1000","c. 750–1000 CE","05","Translation, scholarship, medicine, mathematics, paper, and patronage in connected institutions.","Explains how knowledge moved and changed across languages rather than assigning it to one civilization.","lesson.caliphates.expansion-and-governance","lesson.west-africa.ghana-and-sahara","lesson.north-atlantic.viking-mobility","house_wisdom","Framing review","Planned"
"68","lesson.north-atlantic.viking-mobility","Viking-Age Mobility and Exchange","750","1100","c. 750–1100 CE","05","Raiding, settlement, trade, slavery, ship technology, and North Atlantic crossings.","Reframes a memorable topic as connected mobility with both commerce and violence.","None","lesson.baghdad.abbasid-knowledge-networks","lesson.islam.reason-revelation-and-law","erik_red|lindisfarne|viking_trade|leif","Framing review","Planned"
"69","lesson.islam.reason-revelation-and-law","Reason, Revelation, and Law in Islamic Worlds","800","1200","c. 800–1200 CE","05","Kalām, falsafa, jurisprudence, scripture, causation, and competing arguments over what reason can establish and how revelation should be interpreted.","Turns the translation story into a genuine dialectical process whose debates transformed Islamic theology, law, science, Jewish philosophy, and Latin scholasticism.","lesson.baghdad.abbasid-knowledge-networks|lesson.islam.origins-and-community","lesson.north-atlantic.viking-mobility","lesson.southeast-asia.khmer-water-and-power","None","Source set identified","Planned"
"70","lesson.southeast-asia.khmer-water-and-power","Khmer States, Water, and Angkor","800","1300","c. 800–1300 CE","05","Mainland Southeast Asian state formation, water landscapes, temples, and regional exchange.","Adds an explanatory urban and environmental case with strong archaeological evidence.","lesson.indian-ocean.monsoon-network","lesson.islam.reason-revelation-and-law","lesson.pacific.polynesian-voyaging","khmer","Source brief required","Planned"
"71","lesson.pacific.polynesian-voyaging","Polynesian Voyaging and Settlement","800","1300","c. 800–1300 CE","05","Navigation, planned settlement, adaptation, and the late settlement of Aotearoa New Zealand.","Explains one of humanity's great navigation histories with careful regional chronology.","None","lesson.southeast-asia.khmer-water-and-power","lesson.persianate.poetry-philosophy-and-statecraft","polynesian_settlement","Framing review","Research required"
"72","lesson.persianate.poetry-philosophy-and-statecraft","Persianate Philosophy, Poetry, and Statecraft","900","1300","c. 900–1300 CE","06","Persian as a language of philosophy, ethics, poetry, administration, and Sufi reflection across Iran, Central Asia, and parts of South Asia.","Shows how inherited Iranian, Islamic, and Greek ideas were recombined and transmitted through institutions and literary forms across a wide cultural zone.","lesson.islam.reason-revelation-and-law|lesson.baghdad.abbasid-knowledge-networks","lesson.pacific.polynesian-voyaging","lesson.north-america.mississippian-cities","None","Framing review","Research required"
"73","lesson.north-america.mississippian-cities","Mississippian Cities and Cahokia","900","1350","c. 900–1350 CE","06","Maize agriculture, mound centers, regional exchange, and Cahokia's urban scale.","Adds a consequential North American city tradition often absent from broad surveys.","lesson.farming.multiple-origins","lesson.persianate.poetry-philosophy-and-statecraft","lesson.china.song-commercial-revolution","None","Source brief required","Planned"
"74","lesson.china.song-commercial-revolution","Song China's Commercial Revolution","960","1279","960–1279 CE","06","Cities, markets, paper money, printing, state capacity, and technological change.","Shows large-scale economic transformation before modern industrialization.","lesson.china.tang-cosmopolitan-empire","lesson.north-america.mississippian-cities","lesson.china.song-neo-confucian-renewal","gunpowder|song_dynasty","Source brief required","Planned"
"75","lesson.china.song-neo-confucian-renewal","Song Neo-Confucian Renewal","1000","1300","c. 1000–1300 CE","06","Confucian thinkers responding to Buddhist and Daoist challenges, constructing new moral metaphysics, and linking Zhu Xi’s synthesis to education and examinations.","Explains a philosophical reinvention that shaped institutions and intellectual life in China, Korea, Japan, and Vietnam for centuries.","lesson.china.song-commercial-revolution|lesson.china.tang-cosmopolitan-empire","lesson.china.song-commercial-revolution","lesson.europe.lords-churches-and-towns","None","Source set identified","Planned"
"76","lesson.europe.lords-churches-and-towns","Lords, Churches, and Growing Towns","1000","1250","c. 1000–1250 CE","06","Landholding, peasant labor, church institutions, agriculture, and urban revival.","Supplies context for crusading, universities, and later European state growth.","None","lesson.china.song-neo-confucian-renewal","lesson.east-africa.swahili-coast","carolingian_renaissance|charlemagne|feudalism_system|agricultural_revolution_medieval","Framing review","Planned"
"77","lesson.east-africa.swahili-coast","The Swahili Coast and Indian Ocean Cities","1000","1500","c. 1000–1500 CE","06","African urban communities, Swahili language, Islam, trade, and material evidence.","Demonstrates African agency in an interconnected oceanic world.","lesson.indian-ocean.monsoon-network","lesson.europe.lords-churches-and-towns","lesson.medieval.faith-reason-and-schools","None","Source set identified","Planned"
"78","lesson.medieval.faith-reason-and-schools","Faith, Reason, and the Medieval Schools","1088","1300","c. 1088–1300 CE","06","Translation, Jewish and Christian philosophical argument, Latin universities, scholastic disputation, and debates associated with Maimonides, Averroes, and Aquinas.","Makes cross-language transmission and institutionalized disagreement the causal bridge from Greek and Islamicate philosophy to later European intellectual change.","lesson.islam.reason-revelation-and-law|lesson.judaism.rabbinic-argument-and-diaspora|lesson.europe.lords-churches-and-towns","lesson.east-africa.swahili-coast","lesson.mediterranean.crusades-and-contact","university|aquinas","Source set identified","Planned"
"79","lesson.mediterranean.crusades-and-contact","The Crusades and Mediterranean Contact","1095","1291","1095–1291 CE","06","Religious war, conquest, trade, coexistence, and memory across the Mediterranean.","Explains consequential conflict while resisting a two-sided civilizational script.","lesson.caliphates.expansion-and-governance","lesson.medieval.faith-reason-and-schools","lesson.southern-africa.great-zimbabwe","schism","Framing review","Planned"
"80","lesson.southern-africa.great-zimbabwe","Great Zimbabwe and Southern African Exchange","1100","1450","c. 1100–1450 CE","06","Stone architecture, cattle, gold, political authority, and Indian Ocean connections.","Offers strong evidence for African state formation and corrects colonial myths.","lesson.east-africa.swahili-coast","lesson.mediterranean.crusades-and-contact","lesson.japan.warrior-rule","None","Source brief required","Planned"
"81","lesson.japan.warrior-rule","Warrior Rule in Medieval Japan","1185","1333","1185–1333 CE","06","Court authority, shogunate institutions, landholding, warriors, and Buddhist change.","Explains a durable political order without turning samurai into spectacle.","lesson.japan.buddhism-and-court-state","lesson.southern-africa.great-zimbabwe","lesson.india.delhi-sultanate","None","Source brief required","Planned"
"82","lesson.india.delhi-sultanate","The Delhi Sultanate","1206","1526","1206–1526 CE","06","Military migration, state building, cities, religious diversity, and regional resistance.","Provides an essential bridge between earlier South Asia and the Mughal Empire.","lesson.indian-ocean.monsoon-network","lesson.japan.warrior-rule","lesson.mongols.conquest-and-exchange","None","Source brief required","Planned"
"83","lesson.mongols.conquest-and-exchange","The Mongol Empire: Conquest and Exchange","1206","1368","1206–1368 CE","06","Military expansion, destruction, administration, mobility, and intensified Eurasian exchange.","Has exceptional causal leverage for states, trade, disease routes, and later memory.","lesson.china.song-commercial-revolution","lesson.india.delhi-sultanate","lesson.west-africa.mali-and-mansa-musa","None","Source set identified","Planned"
"84","lesson.west-africa.mali-and-mansa-musa","Mali, Mansa Musa, and a Scholarly Sahel","1230","1500","c. 1230–1500 CE","06","Imperial authority, gold, pilgrimage, Timbuktu, and trans-Saharan scholarship.","Explains West African power in regional and interregional terms.","lesson.west-africa.ghana-and-sahara","lesson.mongols.conquest-and-exchange","lesson.ottomans.frontier-to-empire","mali_empire","Source set identified","Planned"
"85","lesson.ottomans.frontier-to-empire","The Ottoman Rise","1299","1453","c. 1299–1453 CE","06","Frontier politics, military institutions, conquest, and the capture of Constantinople.","Creates the prerequisite for a major early modern empire and Mediterranean transformation.","lesson.iran-rome.frontier-empires","lesson.west-africa.mali-and-mansa-musa","lesson.mesoamerica.tenochtitlan-and-tribute","None","Source brief required","Planned"
"86","lesson.mesoamerica.tenochtitlan-and-tribute","Tenochtitlan and the Mexica Tribute Empire","1325","1521","1325–1521 CE","06","An island capital, intensive agriculture, alliances, tribute, religion, and warfare.","Provides necessary context for conquest and reveals a major urban-political system.","lesson.mesoamerica.classic-maya","lesson.ottomans.frontier-to-empire","lesson.disease.black-death","None","Source brief required","Planned"
"87","lesson.disease.black-death","The Black Death Across Connected Worlds","1330","1353","c. 1330–1353 CE","06","Plague ecology, routes, mortality, social disruption, and contested origins.","Makes network consequences visible and supports careful causal reasoning about disease.","lesson.mongols.conquest-and-exchange","lesson.mesoamerica.tenochtitlan-and-tribute","lesson.china.ming-reconstruction-and-voyages","None","Source set identified","Planned"
"88","lesson.china.ming-reconstruction-and-voyages","Ming Reconstruction and Zheng He's Voyages","1368","1433","1368–1433 CE","06","Post-Mongol state rebuilding, maritime expeditions, diplomacy, and Indian Ocean power.","Connects East Asian state choices to existing ocean networks before European expansion.","lesson.mongols.conquest-and-exchange","lesson.disease.black-death","lesson.andes.inca-road-empire","None","Source brief required","Planned"
"89","lesson.andes.inca-road-empire","The Inca Road Empire","1400","1533","c. 1400–1533 CE","06","Roads, labor taxation, storehouses, environmental diversity, and imperial rule.","Explains high-capacity governance without alphabetic writing or wheeled transport.","lesson.caral.andean-urbanism","lesson.china.ming-reconstruction-and-voyages","lesson.europe.renaissance-and-humanism","None","Source brief required","Planned"
"90","lesson.europe.renaissance-and-humanism","Renaissance Humanism and Patronage","1350","1550","c. 1350–1550 CE","07","Classical recovery, art, learning, urban patronage, and links to Mediterranean knowledge.","Retains a memorable cultural transformation without calling it Europe's rebirth from darkness.","lesson.medieval.faith-reason-and-schools|lesson.persianate.poetry-philosophy-and-statecraft","lesson.andes.inca-road-empire","lesson.oceans.african-and-asian-route-building","None","Framing review","Planned"
"91","lesson.oceans.african-and-asian-route-building","Portuguese Route Building in African and Asian Seas","1415","1600","c. 1415–1600 CE","07","Navigation, fortified trading posts, commerce, coercion, and existing ocean networks.","Frames European expansion as entry into—and violent alteration of—older connected systems.","lesson.indian-ocean.monsoon-network","lesson.europe.renaissance-and-humanism","lesson.printing.print-revolution","None","Source brief required","Planned"
"92","lesson.printing.print-revolution","Printing and a New Information Scale","1450","1600","c. 1450–1600 CE","07","Movable-type printing in Europe within a longer East Asian history of print.","Explains falling reproduction costs and later religious, scientific, and political change.","lesson.knowledge.paper-numbers-and-administration","lesson.oceans.african-and-asian-route-building","lesson.ottomans.imperial-crossroads","None","Framing review","Planned"
"93","lesson.ottomans.imperial-crossroads","The Ottoman Imperial Crossroads","1453","1700","1453–c. 1700 CE","07","A multi-religious empire spanning Mediterranean, Balkan, and West Asian routes.","Explains a durable state connecting the medieval and early modern worlds.","lesson.ottomans.frontier-to-empire","lesson.printing.print-revolution","lesson.atlantic.columbus-and-sustained-contact","None","Source brief required","Planned"
"94","lesson.atlantic.columbus-and-sustained-contact","Columbus’s Voyages and Sustained Atlantic Contact","1492","1504","1492–1504 CE","07","Voyages, Indigenous encounters, imperial claims, and the beginning of sustained Atlantic contact, invasion, colonization, and exchange.","Marks the start of enduring transatlantic systems after earlier Norse crossings, while centering pre-existing societies and Indigenous sources.","lesson.mesoamerica.tenochtitlan-and-tribute","lesson.ottomans.imperial-crossroads","lesson.columbian-exchange.people-plants-pathogens","None","Framing review","Planned"
"95","lesson.columbian-exchange.people-plants-pathogens","The Columbian Exchange","1492","1700","c. 1492–1700 CE","07","Plants, animals, pathogens, people, environments, and unequal demographic consequences.","Has extraordinary explanatory power for diets, populations, empires, and ecology worldwide.","lesson.atlantic.columbus-and-sustained-contact","lesson.atlantic.columbus-and-sustained-contact","lesson.atlantic.slavery-system","None","Source set identified","Planned"
"96","lesson.atlantic.slavery-system","The Atlantic Slave Trade Becomes a System","1500","1750","c. 1500–1750 CE","07","Global precedents for slavery and captive labor; African political contexts; European demand; forced transport; plantation production; racialization; and resistance.","Places Atlantic slavery within a worldwide history of enslavement while explaining this system's distinctive oceanic scale, racial ideology, and commodity economy.","lesson.columbian-exchange.people-plants-pathogens","lesson.columbian-exchange.people-plants-pathogens","lesson.science.observation-and-cosmos","None","Source set identified","Planned"
"97","lesson.science.observation-and-cosmos","A New Cosmos from Observation and Calculation","1500","1650","c. 1500–1650 CE","07","Astronomy, instruments, print, Indigenous and Islamic knowledge inheritances, and contested authority.","Explains changing methods of knowledge rather than a parade of European geniuses.","lesson.printing.print-revolution","lesson.atlantic.slavery-system","lesson.iran.safavid-state","galileo","Framing review","Planned"
"98","lesson.iran.safavid-state","Safavid Iran and a Shi'a State","1501","1722","1501–1722 CE","07","Dynastic consolidation, Shi'a institutions, trade, art, and Ottoman rivalry.","Explains a durable political-religious transformation in West Asia.","lesson.ottomans.imperial-crossroads","lesson.science.observation-and-cosmos","lesson.christianity.reformations","None","Source brief required","Planned"
"99","lesson.christianity.reformations","Christian Reformations and Religious Conflict","1517","1648","1517–1648 CE","07","Print, church criticism, Protestant movements, Catholic reform, state power, and war.","Connects religious change to information and political institutions.","lesson.printing.print-revolution","lesson.iran.safavid-state","lesson.americas.conquest-mexico","luther|thirty_years","Source brief required","Planned"
"100","lesson.americas.conquest-mexico","Allies, Disease, and the Conquest of Mexico","1519","1521","1519–1521 CE","07","Spanish forces, Indigenous allies and enemies, epidemic disease, siege, and colonial narratives.","Replaces a few-hundred-conquerors myth with multi-causal evidence.","lesson.atlantic.columbus-and-sustained-contact","lesson.christianity.reformations","lesson.americas.conquest-andes","None","Framing review","Planned"
"101","lesson.americas.conquest-andes","Civil War, Disease, and the Conquest of the Inca Empire","1525","1572","c. 1525–1572 CE","07","Epidemics, Inca civil war, Spanish invasion, Indigenous alliances, and continuing resistance.","Provides a distinct Andean causal case rather than duplicating Mexico.","lesson.andes.inca-road-empire","lesson.americas.conquest-mexico","lesson.india.mughal-empire","None","Framing review","Planned"
"102","lesson.india.mughal-empire","The Mughal Empire and Akbar's Court","1526","1707","1526–1707 CE","07","Conquest, taxation, regional intermediaries, religious policy, art, and imperial limits.","Provides essential context for South Asian political economy and later colonial expansion.","lesson.india.delhi-sultanate","lesson.americas.conquest-andes","lesson.global.silver-and-manila-galleons","None","Source brief required","Planned"
"103","lesson.global.silver-and-manila-galleons","Silver, Manila, and the First Global Trade Circuit","1565","1815","1565–1815 CE","07","American silver, Manila galleons, Chinese demand, and connected Atlantic-Pacific markets.","Makes early globalization concrete through one commodity and a documented route.","lesson.columbian-exchange.people-plants-pathogens","lesson.india.mughal-empire","lesson.japan.tokugawa-order","None","Source set identified","Planned"
"104","lesson.japan.tokugawa-order","Tokugawa Order and Controlled Connections","1600","1868","1600–1868 CE","07","Political consolidation, urban growth, status orders, commerce, and regulated foreign contact.","Replaces the false image of a completely isolated Japan with a durable state system.","lesson.japan.warrior-rule","lesson.global.silver-and-manila-galleons","lesson.russia.land-empire","None","Framing review","Planned"
"105","lesson.russia.land-empire","Russia Becomes a Eurasian Land Empire","1550","1800","c. 1550–1800 CE","08","Expansion across Siberia, state service, fur, frontier violence, and diverse subjects.","Adds a major route of imperial expansion distinct from oceanic empires.","lesson.mongols.conquest-and-exchange","lesson.japan.tokugawa-order","lesson.science.experimental-networks","None","Source brief required","Planned"
"106","lesson.science.experimental-networks","Experimental Science and Knowledge Networks","1600","1750","c. 1600–1750 CE","08","Experiment, measurement, societies, correspondence, instruments, and imperial collecting.","Explains how institutions and networks stabilized new claims about nature.","lesson.science.observation-and-cosmos","lesson.russia.land-empire","lesson.states.taxation-war-and-constitutions","newton","Framing review","Planned"
"107","lesson.states.taxation-war-and-constitutions","Taxation, War, and Constitutional States","1600","1750","c. 1600–1750 CE","08","Fiscal-military states, representative claims, civil conflict, and limits on rulers.","Creates a causal prerequisite for Enlightenment argument and Atlantic revolutions.","lesson.christianity.reformations","lesson.science.experimental-networks","lesson.west-africa.states-and-atlantic-trade","None","Source brief required","Planned"
"108","lesson.west-africa.states-and-atlantic-trade","West African States in an Atlantic Age","1600","1800","c. 1600–1800 CE","08","State competition, commerce, enslavement, resistance, and differing regional choices.","Preserves African political agency while tracing entanglement with the slave trade.","lesson.atlantic.slavery-system","lesson.states.taxation-war-and-constitutions","lesson.china.qing-expansion","None","Source brief required","Planned"
"109","lesson.china.qing-expansion","Qing Expansion and a Multiethnic Empire","1644","1800","1644–c. 1800 CE","08","Manchu conquest, frontier expansion, administration, commerce, and cultural negotiation.","Provides prerequisite context for nineteenth-century crises in China and Inner Asia.","lesson.china.ming-reconstruction-and-voyages","lesson.west-africa.states-and-atlantic-trade","lesson.atlantic.plantations-and-middle-passage","None","Source brief required","Planned"
"110","lesson.atlantic.plantations-and-middle-passage","Plantations, the Middle Passage, and Resistance","1650","1800","c. 1650–1800 CE","08","Plantation economies, shipboard captivity, racial slavery, African diaspora, family and cultural survival, everyday resistance, and revolt.","Makes the Atlantic system's operation and human consequences visible without treating its victims as passive or repeating the system-formation node.","lesson.atlantic.slavery-system","lesson.china.qing-expansion","lesson.enlightenment.reason-rights-and-limits","middle_passage","Source set identified","Planned"
"111","lesson.enlightenment.reason-rights-and-limits","Enlightenment Arguments: Reason, Rights, and Limits","1680","1789","c. 1680–1789 CE","08","Public debate, natural rights, political economy, empire, slavery, and exclusions.","Supplies key ideas while exposing contradictions that later revolutionaries contested.","lesson.science.experimental-networks","lesson.atlantic.plantations-and-middle-passage","lesson.global.seven-years-war","encyclopedie","Framing review","Planned"
"112","lesson.global.seven-years-war","The Seven Years' War: A Global Imperial Conflict","1754","1763","1754–1763 CE","08","War across North America, Europe, the Caribbean, West Africa, and South Asia.","Provides high causal leverage for taxation, colonial rule, and multiple later revolutions.","lesson.states.taxation-war-and-constitutions","lesson.enlightenment.reason-rights-and-limits","lesson.america.revolution-and-constitution","seven_years","Source brief required","Planned"
"113","lesson.america.revolution-and-constitution","The American Revolution and a Contested Constitution","1765","1789","1765–1789 CE","08","Independence, republican institutions, slavery, Indigenous sovereignty, and constitutional compromise.","Shows influential political change together with its exclusions and unresolved conflicts.","lesson.global.seven-years-war","lesson.global.seven-years-war","lesson.pacific.encounters-and-settler-claims","boston_tea|constitution|declaration|yorktown","Framing review","Planned"
"114","lesson.pacific.encounters-and-settler-claims","Pacific Encounters and Settler Claims","1768","1800","c. 1768–1800 CE","08","Pacific navigation, Indigenous diplomacy, scientific voyages, and British settler colonization.","Connects exploration, knowledge, and dispossession without a discoverer-centered frame.","lesson.pacific.polynesian-voyaging","lesson.america.revolution-and-constitution","lesson.india.company-rule-and-rebellion","cook|first_fleet","Framing review","Planned"
"115","lesson.india.company-rule-and-rebellion","Company Rule and Rebellion in India","1757","1858","1757–1858 CE","09","Company revenue systems, territorial conquest, social disruption, the 1857 rebellion, and Crown rule.","Explains how a corporation became an empire and why rule changed.","lesson.global.seven-years-war","lesson.pacific.encounters-and-settler-claims","lesson.industry.coal-steam-and-factories","None","Source brief required","Planned"
"116","lesson.industry.coal-steam-and-factories","Coal, Steam, and Factories","1760","1840","c. 1760–1840 CE","09","Coal, steam power, textile mechanization, factories, transport, and Britain's enabling conditions.","Introduces industrialization as a system of energy, capital, labor, and empire.","lesson.global.silver-and-manila-galleons","lesson.india.company-rule-and-rebellion","lesson.abolition.emancipation-and-afterlives","None","Source set identified","Planned"
"117","lesson.abolition.emancipation-and-afterlives","Abolition, Emancipation, and Their Afterlives","1780","1888","c. 1780–1888 CE","09","Quaker and evangelical Protestant organizing; Black abolitionists and testimony; enslaved resistance and revolution; allied religious and natural-rights arguments; legislation, war, diplomacy, enforcement, compensation, and coercive afterlives.","Explains how a historically widespread institution became legally and morally delegitimized through a distinctive Atlantic abolitionist coalition, while showing that emancipation required resistance and state power and remained globally uneven.","lesson.atlantic.slavery-system|lesson.enlightenment.reason-rights-and-limits","lesson.industry.coal-steam-and-factories","lesson.settler-empires.land-and-dispossession","None","Source set identified","Planned"
"118","lesson.settler-empires.land-and-dispossession","Settler Empires: Land and Dispossession","1780","1900","c. 1780–1900 CE","09","Settler expansion, treaties, removal, ecological change, and Indigenous resistance in multiple regions.","Explains a globally consequential form of empire without treating occupation as empty-land settlement.","lesson.pacific.encounters-and-settler-claims","lesson.abolition.emancipation-and-afterlives","lesson.france.revolution","None","Framing review","Planned"
"119","lesson.france.revolution","The French Revolution","1789","1799","1789–1799 CE","09","Fiscal crisis, popular politics, rights declarations, republic, terror, and social change.","A foundational political rupture whose contradictions shaped later citizenship and nationalism.","lesson.enlightenment.reason-rights-and-limits","lesson.settler-empires.land-and-dispossession","lesson.haiti.revolution-and-emancipation","french_rev","Source brief required","Planned"
"120","lesson.haiti.revolution-and-emancipation","The Haitian Revolution and Emancipation","1791","1804","1791–1804 CE","09","Enslaved revolution, emancipation, independence, and Atlantic imperial response.","Uniquely joins antislavery, anticolonial, and revolutionary causality with global consequence.","lesson.atlantic.plantations-and-middle-passage","lesson.france.revolution","lesson.health.vaccination-and-public-health","None","Source brief required","Planned"
"121","lesson.health.vaccination-and-public-health","Vaccination and Public Health","1796","1900","c. 1796–1900 CE","09","Vaccination, urban sanitation, germ theory's preconditions, state power, and public trust.","Shows how evidence, institutions, and collective action changed survival.","lesson.science.experimental-networks","lesson.haiti.revolution-and-emancipation","lesson.napoleon.war-law-and-empire","None","Source brief required","Planned"
"122","lesson.napoleon.war-law-and-empire","Napoleon: War, Law, and Empire","1799","1815","1799–1815 CE","09","Napoleonic warfare, legal change, administration, nationalism, and imperial exploitation.","Explains how revolutionary reforms and conquest spread together.","lesson.france.revolution","lesson.health.vaccination-and-public-health","lesson.industry.factory-labor-and-capital","None","Source brief required","Planned"
"123","lesson.industry.factory-labor-and-capital","Factory Labor and Industrial Capital","1800","1870","c. 1800–1870 CE","09","Wage labor, factory discipline, urban growth, child labor, capital, and worker organization.","Explains lived consequences and new class politics rather than technology alone.","lesson.industry.coal-steam-and-factories","lesson.napoleon.war-law-and-empire","lesson.latin-america.independence","None","Source set identified","Planned"
"124","lesson.latin-america.independence","Independence and New States in Latin America","1808","1830","c. 1808–1830 CE","09","Imperial crisis, warfare, slavery, citizenship, Indigenous communities, and fragile new states.","Explains a continental political transformation and its incomplete social revolutions.","lesson.napoleon.war-law-and-empire","lesson.industry.factory-labor-and-capital","lesson.nationalism.1848-and-new-politics","bolivar","Source brief required","Planned"
"125","lesson.nationalism.1848-and-new-politics","1848 and New National Politics","1815","1871","1815–1871 CE","09","Liberalism, nationalism, conservatism, socialism, and the revolutions of 1848.","Creates a concept bridge from revolutionary politics to nation-states and mass movements.","lesson.napoleon.war-law-and-empire","lesson.latin-america.independence","lesson.china.opium-war-and-treaty-system","None","Framing review","Planned"
"126","lesson.china.opium-war-and-treaty-system","The Opium War and the Treaty System","1839","1860","1839–1860 CE","09","Opium commerce, British force, Qing defeat, treaties, and port expansion.","Provides a sharp case of industrial power, trade coercion, and sovereignty loss.","lesson.china.qing-expansion","lesson.nationalism.1848-and-new-politics","lesson.china.taiping-and-qing-crisis","None","Source brief required","Planned"
"127","lesson.china.taiping-and-qing-crisis","The Taiping War and the Qing Crisis","1850","1864","1850–1864 CE","09","Civil war, religious vision, local armies, mass death, and Qing survival.","Explains the scale of China's nineteenth-century crisis beyond foreign intervention alone.","lesson.china.opium-war-and-treaty-system","lesson.china.opium-war-and-treaty-system","lesson.japan.meiji-transformation","None","Source brief required","Planned"
"128","lesson.japan.meiji-transformation","The Meiji Transformation","1853","1912","1853–1912 CE","09","Forced opening, Restoration, state reform, industrialization, conscription, and imperial ambition.","Explains rapid institutional change and its link to later Japanese empire.","lesson.japan.tokugawa-order","lesson.china.taiping-and-qing-crisis","lesson.united-states.civil-war-and-emancipation","None","Source brief required","Planned"
"129","lesson.united-states.civil-war-and-emancipation","Civil War, Emancipation, and Reconstruction","1861","1877","1861–1877 CE","09","Slavery, secession, total war, emancipation, Reconstruction, and contested citizenship.","A consequential state-and-slavery crisis whose aftermath shaped later rights struggles.","lesson.abolition.emancipation-and-afterlives","lesson.japan.meiji-transformation","lesson.environment.fossil-energy-and-planetary-change","None","Source brief required","Planned"
"130","lesson.environment.fossil-energy-and-planetary-change","Fossil Energy and Planetary Change","1750","1914","c. 1750–1914 CE","10","Fossil-fuel growth, land-use change, extraction, and the beginnings of measurable climate influence.","Creates the long causal prerequisite for the modern climate crisis.","lesson.industry.coal-steam-and-factories","lesson.united-states.civil-war-and-emancipation","lesson.rights.womens-movements","None","Source set identified","Planned"
"131","lesson.rights.womens-movements","Women's Movements and Political Rights","1792","1920","c. 1792–1920 CE","10","Education, property, suffrage, labor activism, and globally varied women's movements.","Adds a causal rights history with durable connections to mass politics.","lesson.enlightenment.reason-rights-and-limits","lesson.environment.fossil-energy-and-planetary-change","lesson.networks.rail-telegraph-and-canals","seneca_falls|suffrage","Source brief required","Planned"
"132","lesson.networks.rail-telegraph-and-canals","Railways, Telegraphs, and Canals","1840","1914","c. 1840–1914 CE","10","Railways, telegraphy, steamships, Suez, time standards, and unequal connectivity.","Shows how distance shrank for commerce, empire, migration, and war.","lesson.industry.coal-steam-and-factories","lesson.rights.womens-movements","lesson.society.urbanization-and-mass-migration","None","Source brief required","Planned"
"133","lesson.society.urbanization-and-mass-migration","Urbanization and Mass Migration","1840","1914","c. 1840–1914 CE","10","Rapid cities, overseas migration, diasporas, remittances, exclusion laws, and changing families.","Explains how industrial and imperial systems moved people and remade everyday life.","lesson.networks.rail-telegraph-and-canals","lesson.networks.rail-telegraph-and-canals","lesson.science.evolution-germs-and-modern-medicine","None","Source brief required","Planned"
"134","lesson.science.evolution-germs-and-modern-medicine","Evolution, Germs, and Modern Medicine","1850","1914","c. 1850–1914 CE","10","Evolution, germ theory, laboratories, public health, medicine, and misuse of science.","Connects evidence-driven advances to social consequences and ideological distortion.","lesson.health.vaccination-and-public-health","lesson.society.urbanization-and-mass-migration","lesson.politics.labor-socialism-and-mass-parties","None","Framing review","Planned"
"135","lesson.politics.labor-socialism-and-mass-parties","Labor, Socialism, and Mass Parties","1860","1914","c. 1860–1914 CE","10","Unions, socialism, anarchism, mass parties, strikes, and social reform.","Explains organized responses to industrial inequality and expanding political participation.","lesson.industry.factory-labor-and-capital","lesson.science.evolution-germs-and-modern-medicine","lesson.industry.steel-electricity-and-corporations","None","Source brief required","Planned"
"136","lesson.industry.steel-electricity-and-corporations","Steel, Electricity, and Corporate Industry","1870","1914","c. 1870–1914 CE","10","Steel, electricity, chemicals, oil, mass production, corporations, and research systems.","Explains the new scale of productive and destructive capacity before the world wars.","lesson.industry.coal-steam-and-factories","lesson.politics.labor-socialism-and-mass-parties","lesson.imperialism.high-imperial-rule","None","Source brief required","Planned"
"137","lesson.imperialism.high-imperial-rule","High Imperialism and Colonial Rule","1870","1914","c. 1870–1914 CE","10","Industrial power, racial ideology, conquest, extraction, administration, and rival empires.","Provides essential causes for global inequality, resistance, and the First World War.","lesson.industry.steel-electricity-and-corporations","lesson.industry.steel-electricity-and-corporations","lesson.imperialism.african-resistance-and-state-change","None","Framing review","Planned"
"138","lesson.imperialism.african-resistance-and-state-change","African Resistance and State Change","1870","1914","c. 1870–1914 CE","10","African diplomacy, military resistance, accommodation, state rebuilding, and colonial violence.","Prevents imperial expansion from becoming a one-sided European action story.","lesson.imperialism.high-imperial-rule","lesson.imperialism.high-imperial-rule","lesson.latin-america.export-economies-and-revolution","None","Source brief required","Planned"
"139","lesson.latin-america.export-economies-and-revolution","Latin American Export Economies and Revolution","1870","1917","c. 1870–1917 CE","10","Commodity exports, foreign capital, oligarchic states, inequality, and the Mexican Revolution.","Connects Latin America to the global economy and new mass politics.","lesson.networks.rail-telegraph-and-canals","lesson.imperialism.african-resistance-and-state-change","lesson.asia.empire-and-resistance","None","Source brief required","Planned"
"140","lesson.asia.empire-and-resistance","Asian Empires, Reform, and Resistance","1880","1914","c. 1880–1914 CE","10","Imperial competition, reform, anticolonial organization, and resistance in China, India, and Southeast Asia.","Creates the prerequisite for Asian nationalism and decolonization.","lesson.imperialism.high-imperial-rule","lesson.latin-america.export-economies-and-revolution","lesson.japan.imperial-power","None","Source brief required","Planned"
"141","lesson.japan.imperial-power","Japan Becomes an Imperial Power","1894","1910","1894–1910 CE","10","Wars with China and Russia, annexation of Korea, industrial power, and colonial rule.","Explains Japan's shift from threatened state to imperial power before 1931.","lesson.japan.meiji-transformation","lesson.asia.empire-and-resistance","lesson.china.reform-republic-and-new-culture","None","Source brief required","Planned"
"142","lesson.china.reform-republic-and-new-culture","Reform, Republic, and New Culture in China","1895","1919","1895–1919 CE","10","Reformers, revolutionaries, the end of imperial rule, the new republic, and arguments over Confucian inheritance, science, democracy, nationalism, and socialism.","Provides the missing intellectual and institutional bridge between Qing crisis and the competing revolutionary projects that shaped modern China.","lesson.china.qing-expansion|lesson.china.opium-war-and-treaty-system|lesson.china.song-neo-confucian-renewal","lesson.japan.imperial-power","lesson.world-war-one.causes-and-crisis","None","Source brief required","Planned"
"143","lesson.world-war-one.causes-and-crisis","Why the First World War Began","1871","1914","c. 1871–1914 CE","11","Alliance systems, imperial rivalry, nationalism, arms competition, Balkan crises, and Sarajevo.","Explains why assassination triggered war without making it the sole cause.","lesson.imperialism.high-imperial-rule","lesson.china.reform-republic-and-new-culture","lesson.world-war-one.global-industrial-war","None","Source set identified","Planned"
"144","lesson.world-war-one.global-industrial-war","The First World War as Global Industrial War","1914","1918","1914–1918 CE","11","Multiple fronts, empires, colonies, civilians, industrial weapons, mobilization, and stalemate.","Shows why the First World War was global and how industrial systems magnified destruction.","lesson.world-war-one.causes-and-crisis","lesson.world-war-one.causes-and-crisis","lesson.ottoman.genocide-and-collapse","None","Source set identified","Planned"
"145","lesson.ottoman.genocide-and-collapse","Armenian Genocide and Ottoman Collapse","1915","1923","1915–1923 CE","11","Armenian genocide, wartime deportation and killing, imperial collapse, and new borders.","Includes consequential mass violence and the regional transformation it accompanied.","lesson.world-war-one.global-industrial-war","lesson.world-war-one.global-industrial-war","lesson.russia.revolution-and-soviet-state","None","Source brief required","Planned"
"146","lesson.russia.revolution-and-soviet-state","The Russian Revolution and the Soviet State","1917","1928","1917–1928 CE","11","War, revolution, civil war, Bolshevik rule, and the creation of the Soviet Union.","Explains a new political-economic model central to the twentieth century.","lesson.world-war-one.global-industrial-war","lesson.ottoman.genocide-and-collapse","lesson.disease.influenza-pandemic","None","Source brief required","Planned"
"147","lesson.disease.influenza-pandemic","The Influenza Pandemic","1918","1920","1918–1920 CE","11","Global influenza transmission, wartime conditions, public health responses, and unequal mortality.","Connects mobility, war, and disease through teachable evidence.","lesson.world-war-one.global-industrial-war","lesson.russia.revolution-and-soviet-state","lesson.postwar.versailles-mandates-and-league","None","Source brief required","Planned"
"148","lesson.postwar.versailles-mandates-and-league","Versailles, Mandates, and the League","1919","1923","1919–1923 CE","11","Peace settlements, new borders, mandates, minority claims, reparations, and the League of Nations.","Explains both institution building and grievances carried into later conflict.","lesson.world-war-one.global-industrial-war","lesson.disease.influenza-pandemic","lesson.anticolonial.nationalism-between-wars","None","Framing review","Planned"
"149","lesson.anticolonial.nationalism-between-wars","Anticolonial Nationalism Between the Wars","1919","1939","1919–1939 CE","11","Self-determination claims, mass movements, labor, civil disobedience, and varied imperial responses.","Builds the causal bridge from world war to post-1945 decolonization.","lesson.postwar.versailles-mandates-and-league","lesson.postwar.versailles-mandates-and-league","lesson.dictatorships.fascism-nazism-and-stalinism","gandhi_salt","Source brief required","Planned"
"150","lesson.dictatorships.fascism-nazism-and-stalinism","Fascism, Nazism, and Stalinism","1922","1939","1922–1939 CE","11","Fascist, Nazi, and Stalinist rule; propaganda, repression, mass politics, and distinct ideologies.","Provides comparative explanation without falsely equating different systems or experiences.","lesson.postwar.versailles-mandates-and-league|lesson.world-war-one.global-industrial-war","lesson.anticolonial.nationalism-between-wars","lesson.economy.great-depression","mussolini","Framing review","Planned"
"151","lesson.economy.great-depression","The Great Depression","1929","1939","1929–1939 CE","11","Financial collapse, unemployment, trade contraction, state responses, and global political effects.","Explains how economic crisis weakened democracies and intensified conflict.","lesson.industry.steel-electricity-and-corporations","lesson.dictatorships.fascism-nazism-and-stalinism","lesson.japan.empire-and-war-in-china","None","Source brief required","Planned"
"152","lesson.japan.empire-and-war-in-china","Japanese Empire and War in China","1931","1945","1931–1945 CE","11","Manchuria, expansion, colonial rule, the war in China, and the Nanjing Massacre.","Makes East Asian war central to the chronology of the Second World War.","lesson.japan.imperial-power","lesson.economy.great-depression","lesson.holocaust.persecution-to-genocide","None","Source brief required","Planned"
"153","lesson.holocaust.persecution-to-genocide","The Holocaust: Persecution to Genocide","1933","1945","1933–1945 CE","11","Nazi racial ideology, escalating persecution, ghettos, mass shootings, camps, resistance, and murder.","Essential for understanding state-organized genocide through survivor and documentary evidence.","lesson.dictatorships.fascism-nazism-and-stalinism","lesson.japan.empire-and-war-in-china","lesson.world-war-two.global-war","None","Source set identified","Planned"
"154","lesson.world-war-two.global-war","The Second World War as a Global War","1939","1945","1939–1945 CE","11","European, African, Asian, Atlantic, and Pacific theaters; occupation, resistance, and civilian war.","Explains the war as one connected global conflict rather than disconnected battles.","lesson.japan.empire-and-war-in-china","lesson.holocaust.persecution-to-genocide","lesson.world-war-two.science-production-and-home-fronts","None","Source brief required","Planned"
"155","lesson.world-war-two.science-production-and-home-fronts","Science, Production, and Home Fronts","1939","1945","1939–1945 CE","11","Mass production, codebreaking, medicine, forced labor, rationing, and mobilized societies.","Shows how institutions and civilian systems shaped military outcomes and postwar change.","lesson.world-war-two.global-war","lesson.world-war-two.global-war","lesson.postwar.un-and-global-economic-order","None","Source brief required","Planned"
"156","lesson.postwar.un-and-global-economic-order","The United Nations and a Postwar Economic Order","1944","1948","1944–1948 CE","11","Bretton Woods institutions, the United Nations, war-crimes trials, and universal human rights claims.","Explains how wartime experience produced durable institutions and contested global rules.","lesson.world-war-two.global-war","lesson.world-war-two.science-production-and-home-fronts","lesson.nuclear.hiroshima-nagasaki-and-nuclear-age","None","Source set identified","Planned"
"157","lesson.nuclear.hiroshima-nagasaki-and-nuclear-age","Hiroshima, Nagasaki, and the Nuclear Age","1945","1945","August 1945","11","Atomic bombings, Japanese surrender, civilian harm, decision debates, and the nuclear threshold.","Introduces a defining and contested transition with evidence and moral seriousness.","lesson.world-war-two.global-war","lesson.postwar.un-and-global-economic-order","lesson.food.green-revolution","None","Framing review","Research required"
"158","lesson.food.green-revolution","The Green Revolution and the Politics of Food","1940","1980","c. 1940–1980 CE","12","Crop science, irrigation, fertilizer, rising yields, regional differences, and environmental costs.","Connects technology to hunger, population, inequality, and ecological tradeoffs.","lesson.farming.multiple-origins","lesson.nuclear.hiroshima-nagasaki-and-nuclear-age","lesson.digital.computers-networks-and-web","green_revolution","Source brief required","Planned"
"159","lesson.digital.computers-networks-and-web","Computers, Networks, and the World Wide Web","1940","1995","c. 1940–1995 CE","12","Electronic computing, packet networks, software, the public web, and institutional origins.","Explains the infrastructure behind contemporary information and economic change.","lesson.world-war-two.science-production-and-home-fronts","lesson.food.green-revolution","lesson.china.revolution-and-peoples-republic","None","Source set identified","Planned"
"160","lesson.china.revolution-and-peoples-republic","The Chinese Revolution and the People's Republic","1945","1949","1945–1949 CE","12","Civil war, Communist victory, Nationalist retreat to Taiwan, land and state transformation.","Explains the political order of modern China and a major Cold War shift.","lesson.china.reform-republic-and-new-culture","lesson.digital.computers-networks-and-web","lesson.cold-war.nuclear-bipolar-order","mao","Source brief required","Planned"
"161","lesson.cold-war.nuclear-bipolar-order","The Cold War and a Nuclear Bipolar Order","1945","1962","c. 1945–1962 CE","12","US-Soviet rivalry, blocs, nuclear deterrence, propaganda, aid, and proxy conflict.","Provides the organizing prerequisite for much postwar political history.","lesson.postwar.un-and-global-economic-order","lesson.china.revolution-and-peoples-republic","lesson.korea.division-and-war","None","Source set identified","Planned"
"162","lesson.korea.division-and-war","Korea: Division and War","1945","1953","1945–1953 CE","12","Colonial aftermath, division, invasion, international intervention, devastation, and armistice.","Shows Cold War conflict emerging from both global rivalry and local histories.","lesson.cold-war.nuclear-bipolar-order","lesson.cold-war.nuclear-bipolar-order","lesson.decolonization.asia-africa-and-caribbean","None","Source brief required","Planned"
"163","lesson.decolonization.asia-africa-and-caribbean","Decolonization Across Asia, Africa, and the Caribbean","1945","1975","c. 1945–1975 CE","12","Negotiated independence, armed struggle, new states, borders, and economic constraints.","Explains a worldwide transfer of sovereignty without treating it as a single European withdrawal.","lesson.anticolonial.nationalism-between-wars","lesson.korea.division-and-war","lesson.rights.civil-rights-and-global-freedom-struggles","None","Source set identified","Planned"
"164","lesson.rights.civil-rights-and-global-freedom-struggles","Civil Rights and Global Freedom Struggles","1945","1975","c. 1945–1975 CE","12","US civil rights, anti-apartheid, women's, Indigenous, labor, and anticolonial rights movements.","Shows how rights claims circulated globally while retaining distinct local struggles.","lesson.postwar.un-and-global-economic-order","lesson.decolonization.asia-africa-and-caribbean","lesson.cold-war.vietnam-and-third-world","None","Framing review","Planned"
"165","lesson.cold-war.vietnam-and-third-world","Vietnam, Decolonization, and Cold War","1945","1975","1945–1975 CE","12","Vietnamese anticolonial war, divided Vietnam, US intervention, regional conflict, and global protest.","Explains how local decolonization and Cold War rivalry combined destructively.","lesson.decolonization.asia-africa-and-caribbean","lesson.rights.civil-rights-and-global-freedom-struggles","lesson.south-asia.independence-and-partition","None","Source brief required","Planned"
"166","lesson.south-asia.independence-and-partition","Independence and Partition in South Asia","1947","1948","1947–1948 CE","12","End of British rule, Partition, mass migration, violence, and the creation of India and Pakistan.","A central decolonization case showing freedom, state formation, and human cost together.","lesson.anticolonial.nationalism-between-wars","lesson.cold-war.vietnam-and-third-world","lesson.israel-palestine.1948-war-and-displacement","None","Source brief required","Planned"
"167","lesson.israel-palestine.1948-war-and-displacement","The 1948 War, Israel, and Palestinian Displacement","1947","1949","1947–1949 CE","12","UN partition, Israel's establishment, regional war, Palestinian displacement, and conflicting memories.","Necessary for later Middle Eastern history, but requires tightly balanced terminology and sources.","lesson.postwar.un-and-global-economic-order","lesson.south-asia.independence-and-partition","lesson.south-africa.apartheid-ends","None","Framing review","Research required"
"168","lesson.south-africa.apartheid-ends","Ending Apartheid in South Africa","1948","1994","1948–1994 CE","12","Apartheid rule, resistance, international pressure, negotiation, and democratic transition.","A high-leverage case of institutional racism, sustained resistance, and negotiated change.","lesson.rights.civil-rights-and-global-freedom-struggles","lesson.israel-palestine.1948-war-and-displacement","lesson.china.maoist-transformation-and-cultural-revolution","None","Source brief required","Planned"
"169","lesson.china.maoist-transformation-and-cultural-revolution","Maoist Transformation and the Cultural Revolution","1949","1976","1949–1976 CE","12","Land reform, collectivization, famine, Cultural Revolution, mobilization, and political violence.","Explains modern China's social transformation and the costs of Maoist campaigns.","lesson.china.revolution-and-peoples-republic","lesson.south-africa.apartheid-ends","lesson.environment.modern-environmentalism","None","Source brief required","Planned"
"170","lesson.environment.modern-environmentalism","Modern Environmentalism and Climate Evidence","1950","1992","c. 1950–1992 CE","12","Pollution, conservation, environmental justice, climate measurement, and international cooperation.","Connects industrial consequences to evidence and collective political action.","lesson.environment.fossil-energy-and-planetary-change","lesson.china.maoist-transformation-and-cultural-revolution","lesson.middle-east.wars-oil-and-regional-order","chernobyl|earth_day","Source set identified","Planned"
"171","lesson.middle-east.wars-oil-and-regional-order","Middle East Wars, Oil, and Regional Order","1956","1979","c. 1956–1979 CE","12","Arab-Israeli wars, Palestinian politics, superpower involvement, oil, and changing regional states.","Provides a causal bridge from 1948 to later regional and global politics.","lesson.israel-palestine.1948-war-and-displacement","lesson.environment.modern-environmentalism","lesson.space.space-race-and-earth-view","None","Framing review","Research required"
"172","lesson.space.space-race-and-earth-view","The Space Race and the View of Earth","1957","1975","1957–1975 CE","12","Satellites, Apollo, military competition, science, prestige, and new views of Earth.","A high-interest case linking Cold War institutions to durable technologies.","lesson.cold-war.nuclear-bipolar-order","lesson.middle-east.wars-oil-and-regional-order","lesson.cold-war.cuban-missile-crisis","None","Source brief required","Planned"
"173","lesson.cold-war.cuban-missile-crisis","The Cuban Missile Crisis","1959","1962","1959–1962 CE","12","Cuban Revolution, invasion, missiles, nuclear brinkmanship, and negotiated retreat.","A memorable evidence-rich case for escalation, perspective, and contingency.","lesson.cold-war.nuclear-bipolar-order","lesson.space.space-race-and-earth-view","lesson.globalization.production-finance-and-inequality","None","Source brief required","Planned"
"174","lesson.globalization.production-finance-and-inequality","Globalization: Production, Finance, and Inequality","1970","2008","c. 1970–2008 CE","12","Trade liberalization, global supply chains, migration, finance, growth, and unequal gains.","Explains the material systems behind late twentieth-century interdependence.","lesson.digital.computers-networks-and-web","lesson.cold-war.cuban-missile-crisis","lesson.iran.revolution-and-political-islam","None","Source brief required","Planned"
"175","lesson.iran.revolution-and-political-islam","The Iranian Revolution and Political Islam","1978","1980","1978–1980 CE","12","Monarchy, protest coalitions, Islamic Republic, hostage crisis, and regional consequences.","Explains a major political realignment without treating political Islam as timeless.","lesson.middle-east.wars-oil-and-regional-order","lesson.globalization.production-finance-and-inequality","lesson.cold-war.1989-and-soviet-collapse","None","Source brief required","Planned"
"176","lesson.cold-war.1989-and-soviet-collapse","1989 and the Soviet Collapse","1980","1991","1980–1991 CE","12","Reform, economic strain, Eastern European movements, 1989, and Soviet dissolution.","Explains the end of bipolar order as a process rather than one wall falling.","lesson.cold-war.nuclear-bipolar-order","lesson.iran.revolution-and-political-islam","lesson.health.hiv-aids-pandemic","None","Source brief required","Planned"
"177","lesson.health.hiv-aids-pandemic","The HIV/AIDS Pandemic","1981","2005","c. 1981–2005 CE","12","Virus science, stigma, activism, public policy, treatment access, and global inequality.","A consequential pandemic history with strong evidence and a powerful citizenship dimension.","lesson.rights.civil-rights-and-global-freedom-struggles","lesson.cold-war.1989-and-soviet-collapse","lesson.climate.climate-crisis-and-global-response","None","Source brief required","Planned"
"178","lesson.climate.climate-crisis-and-global-response","The Climate Crisis and Global Response","1988","2025","1988–2025 CE","12","Attribution science, unequal impacts, emissions, international negotiations, mitigation, and adaptation.","Brings the fossil-energy causal thread to a planetary challenge grounded in strong evidence.","lesson.environment.modern-environmentalism","lesson.health.hiv-aids-pandemic","lesson.genocide.rwanda-balkans-and-response","None","Source set identified","Planned"
"179","lesson.genocide.rwanda-balkans-and-response","Rwanda, the Balkans, and International Response","1991","1999","1991–1999 CE","12","Mass violence in Rwanda and the former Yugoslavia, international failure, tribunals, and memory.","Tests post-Holocaust institutions and shows the consequences of delayed action.","lesson.postwar.un-and-global-economic-order","lesson.climate.climate-crisis-and-global-response","lesson.digital.platforms-divides-and-ai","None","Framing review","Research required"
"180","lesson.digital.platforms-divides-and-ai","Platforms, Digital Divides, and AI","1995","2026","c. 1995–present","12","Platforms, smartphones, digital divides, data power, gene-editing debates, and generative AI.","Offers a provisional synthesis of technologies reshaping work, knowledge, politics, and access.","lesson.digital.computers-networks-and-web","lesson.genocide.rwanda-balkans-and-response","lesson.security.september-11-and-war-on-terror","None","Framing review","Research required"
"181","lesson.security.september-11-and-war-on-terror","September 11 and the War on Terror","2001","2021","2001–2021 CE","12","Al-Qaeda's attacks, wars in Afghanistan and Iraq, security states, civilian consequences, and contested outcomes.","Provides essential context for twenty-first-century conflict with room for multiple regional perspectives.","lesson.cold-war.1989-and-soviet-collapse","lesson.digital.platforms-divides-and-ai","lesson.economy.global-financial-crisis","None","Framing review","Research required"
"182","lesson.economy.global-financial-crisis","The Global Financial Crisis","2007","2012","2007–2012 CE","12","Housing and credit systems, banking contagion, state rescue, recession, and political consequences.","Explains a globally connected crisis with lasting effects on trust and inequality.","lesson.globalization.production-finance-and-inequality","lesson.security.september-11-and-war-on-terror","lesson.middle-east.arab-uprisings","None","Source brief required","Planned"
"183","lesson.middle-east.arab-uprisings","Arab Uprisings and Diverging Outcomes","2010","2016","2010–2016 CE","12","Protest, digital media, state repression, civil war, and divergent national outcomes.","Shows both shared causes and why similar uprisings produced different results.","lesson.security.september-11-and-war-on-terror","lesson.economy.global-financial-crisis","lesson.health.covid-pandemic","None","Framing review","Research required"
"184","lesson.health.covid-pandemic","The COVID-19 Pandemic","2019","2023","2019–2023 CE","12","Emergence, global spread, public health, vaccines, inequality, institutions, and contested memory.","A globally shared event that reveals interdependence and the limits of real-time historical judgment.","lesson.health.hiv-aids-pandemic","lesson.middle-east.arab-uprisings","lesson.history.new-evidence-changes-the-past","None","Source set identified","Research required"
"185","lesson.history.new-evidence-changes-the-past","New Evidence Changes How We Know the Past","2024","2026","Capstone (present)","12","LiDAR, ancient DNA, remote sensing, source criticism, and how new evidence revises historical models.","Ends the Spine by returning to historical method: the past is fixed, but warranted accounts can change.","lesson.humans.homo-sapiens-origins|lesson.health.covid-pandemic","lesson.health.covid-pandemic","—","None","Source brief required","Research required"
